City_ID,City,Country,Date,Lat,Lng,Max Temp,Humidity,Cloudiness,Wind Speed
0,Punta Arenas,CL,2021-01-29 14:57:43,-53.15,-70.9167,46.4,53,75,13.8
1,Bethel,US,2021-01-29 14:57:59,41.3712,-73.414,10.4,67,90,11.5
2,Kapaa,US,2021-01-29 14:58:19,22.0752,-159.319,71.6,78,20,20.71
3,Ushuaia,AR,2021-01-29 14:55:07,-54.8,-68.3,39.2,87,75,27.63
4,Puerto Baquerizo Moreno,EC,2021-01-29 14:58:19,-0.9,-89.6,80.6,89,20,9.22
5,Popondetta,PG,2021-01-29 14:58:19,-8.7537,148.2534,75.87,93,100,2.71
6,Epiniana,GR,2021-01-29 14:58:19,39.1429,21.6134,46.99,90,100,5.23
7,Hermanus,ZA,2021-01-29 14:58:19,-34.4187,19.2345,75.0,61,0,5.99
8,Launceston,AU,2021-01-29 14:58:19,-41.45,147.1667,59.0,100,90,3.44
9,Lincoln,US,2021-01-29 14:53:25,40.8,-96.667,25.0,92,42,3.0
10,Mataura,NZ,2021-01-29 14:58:20,-46.1927,168.8643,48.0,80,42,8.01
11,San Cristobal,VE,2021-01-29 14:58:20,7.7669,-72.225,78.8,65,20,2.3
12,Yellowknife,CA,2021-01-29 14:58:20,62.456,-114.3525,-23.01,76,1,9.22
13,Albany,US,2021-01-29 14:57:50,42.6001,-73.9662,6.01,50,95,5.01
14,Upernavik,GL,2021-01-29 14:58:21,72.7868,-56.1549,-9.98,79,10,12.57
15,Busselton,AU,2021-01-29 14:58:21,-33.65,115.3333,66.0,79,0,1.01
16,Salalah,OM,2021-01-29 14:58:21,17.0151,54.0924,75.2,69,40,8.05
17,Dikson,RU,2021-01-29 14:58:21,73.5069,80.5464,-33.12,85,40,5.46
18,Esperance,AU,2021-01-29 14:58:21,-33.8667,121.9,60.8,82,0,10.36
19,Vaini,TO,2021-01-29 14:58:21,-21.2,-175.2,75.2,94,90,10.36
20,Muli,MV,2021-01-29 14:58:22,2.9167,73.5667,81.86,76,2,14.92
21,Cidreira,BR,2021-01-29 14:58:22,-30.1811,-50.2056,82.45,74,18,2.64
22,Hilo,US,2021-01-29 14:56:26,19.7297,-155.09,68.0,88,90,14.97
23,Avarua,CK,2021-01-29 14:58:22,-21.2078,-159.775,77.0,94,38,5.75
24,Darab,IR,2021-01-29 14:58:22,28.7519,54.5444,61.12,30,68,3.4
25,Arcata,US,2021-01-29 14:58:22,40.8665,-124.0828,36.0,100,75,8.05
26,Leningradskiy,RU,2021-01-29 14:58:22,69.3833,178.4167,-24.57,83,90,7.11
27,Cape Town,ZA,2021-01-29 14:55:13,-33.9258,18.4232,77.0,47,0,17.27
28,Kruisfontein,ZA,2021-01-29 14:58:23,-34.0033,24.7314,73.99,60,0,11.01
29,Buala,SB,2021-01-29 14:58:23,-8.145,159.5921,78.64,80,100,2.66
30,Georgetown,MY,2021-01-29 14:54:19,5.4112,100.3354,80.6,73,20,4.61
31,Porto-Vecchio,FR,2021-01-29 14:57:53,41.591,9.2795,66.2,72,90,19.57
32,Bredasdorp,ZA,2021-01-29 14:58:23,-34.5322,20.0403,75.0,61,0,5.99
33,Itaituba,BR,2021-01-29 14:58:24,-4.2761,-55.9836,84.2,74,75,2.42
34,Iqaluit,CA,2021-01-29 14:58:24,63.7506,-68.5145,-13.0,70,1,26.46
35,Scarborough,GB,2021-01-29 14:58:24,54.2797,-0.4044,45.0,88,10,1.01
36,Puerto Ayora,EC,2021-01-29 14:58:24,-0.7393,-90.3518,80.01,83,75,6.91
37,Vostok,RU,2021-01-29 14:58:24,46.4856,135.8833,-13.5,90,100,2.82
38,Arraial Do Cabo,BR,2021-01-29 14:58:24,-22.9661,-42.0278,93.2,49,0,10.36
39,Menongue,AO,2021-01-29 14:58:25,-14.6585,17.691,73.51,67,92,8.23
40,Jamestown,US,2021-01-29 14:58:25,42.097,-79.2353,19.99,79,90,11.5
41,Nemuro,JP,2021-01-29 14:58:25,43.3236,145.575,28.89,98,100,26.98
42,Saskylakh,RU,2021-01-29 14:58:25,71.9167,114.0833,-39.14,78,11,3.27
43,Buchanan,LR,2021-01-29 14:58:25,5.8808,-10.0467,91.4,66,75,9.22
44,Lompoc,US,2021-01-29 14:58:25,34.6391,-120.4579,42.8,93,75,5.75
45,Portland,US,2021-01-29 14:56:33,45.5234,-122.6762,41.0,87,90,1.23
46,Port Blair,IN,2021-01-29 14:58:26,11.6667,92.75,79.66,82,93,7.47
47,Carnarvon,AU,2021-01-29 14:58:26,-24.8667,113.6333,80.6,83,0,18.41
48,Port Alfred,ZA,2021-01-29 14:58:26,-33.5906,26.891,73.0,79,0,3.0
49,Muros,ES,2021-01-29 14:58:26,42.7762,-9.0603,57.99,94,100,10.0
50,Ribeira Grande,PT,2021-01-29 14:58:26,38.5167,-28.7,64.4,63,20,17.27
51,Elk Point,US,2021-01-29 14:58:27,42.6833,-96.6836,24.01,86,90,13.8
52,Necochea,AR,2021-01-29 14:55:15,-38.5473,-58.7368,79.29,28,98,10.16
53,Lufilufi,WS,2021-01-29 14:58:27,-13.8745,-171.5986,75.2,94,90,9.22
54,Burdur,TR,2021-01-29 14:58:27,37.7203,30.2908,35.6,60,40,8.05
55,Puerto Narino,CO,2021-01-29 14:58:27,-3.7703,-70.3831,80.6,83,75,3.44
56,Vardo,NO,2021-01-29 14:58:27,70.3705,31.1107,19.4,93,90,17.27
57,Heihe,CN,2021-01-29 14:58:28,50.2441,127.4902,-27.4,75,20,2.24
58,Castro,BR,2021-01-29 14:58:28,-24.7911,-50.0119,68.25,89,99,6.71
59,Chuy,UY,2021-01-29 14:58:28,-33.6971,-53.4616,77.04,71,54,9.28
60,Bluff,NZ,2021-01-29 14:58:28,-46.6,168.3333,48.0,80,45,8.01
61,Puerto Escondido,MX,2021-01-29 14:58:28,15.85,-97.0667,78.8,83,75,8.05
62,Berlevag,NO,2021-01-29 14:58:28,70.8578,29.0864,23.0,74,20,14.97
63,Soron,IN,2021-01-29 14:58:28,27.8833,78.75,53.47,43,0,7.38
64,Atuona,PF,2021-01-29 14:58:29,-9.8,-139.0333,77.97,76,8,19.91
65,Ponta Do Sol,PT,2021-01-29 14:58:29,32.6667,-17.1,64.4,72,40,8.05
66,Butaritari,KI,2021-01-29 14:58:29,3.0707,172.7902,80.44,77,100,16.51
67,Beisfjord,NO,2021-01-29 14:58:29,68.3751,17.5988,15.8,62,0,4.61
68,Komsomolskiy,UZ,2021-01-29 14:58:29,40.4272,71.7189,35.6,55,0,6.91
69,Gamba,GA,2021-01-29 14:58:30,-2.65,10.0,81.36,79,99,9.08
70,Hutang,CN,2021-01-29 14:58:30,31.5333,119.4833,36.0,53,0,1.01
71,Qaanaaq,GL,2021-01-29 14:58:30,77.484,-69.3632,-13.72,59,0,5.39
72,Tilichiki,RU,2021-01-29 14:58:30,60.4667,166.1,-4.34,93,99,8.7
73,Pocoes,BR,2021-01-29 14:56:17,-14.5297,-40.3653,82.8,47,54,7.02
74,Killybegs,IE,2021-01-29 14:58:31,54.6333,-8.45,46.4,93,90,2.3
75,Qandala,SO,2021-01-29 14:58:31,11.472,49.8728,74.48,71,7,7.45
76,Acapulco,MX,2021-01-29 14:58:31,16.8634,-99.8901,75.2,73,75,4.61
77,Coquimbo,CL,2021-01-29 14:58:31,-29.9533,-71.3436,62.6,82,90,8.05
78,Peniche,PT,2021-01-29 14:58:31,39.3558,-9.3811,57.99,81,94,5.01
79,Oussouye,SN,2021-01-29 14:58:32,12.485,-16.5469,93.2,21,0,6.91
80,Talcahuano,CL,2021-01-29 14:58:32,-36.7167,-73.1167,60.8,94,90,9.22
81,Sibu,MY,2021-01-29 14:54:39,2.3,111.8167,75.2,100,40,1.25
82,Khatanga,RU,2021-01-29 14:58:32,71.9667,102.5,-48.05,73,0,1.54
83,Namibe,AO,2021-01-29 14:58:32,-15.1961,12.1522,80.6,57,75,13.8
84,Coihaique,CL,2021-01-29 14:58:32,-45.5752,-72.0662,53.6,50,40,4.61
85,Sarangani,PH,2021-01-29 14:58:33,5.4033,125.4636,81.77,77,78,19.22
86,Shitanjing,CN,2021-01-29 14:58:33,39.2342,106.3439,23.65,77,1,19.19
87,Wentzville,US,2021-01-29 14:55:21,38.8114,-90.8529,27.0,71,30,1.01
88,Tuktoyaktuk,CA,2021-01-29 14:58:33,69.4541,-133.0374,-32.8,75,1,3.44
89,Husavik,IS,2021-01-29 14:58:33,66.0449,-17.3389,10.4,85,0,4.61
90,Rikitea,PF,2021-01-29 14:58:33,-23.1203,-134.9692,78.26,71,80,3.87
91,Hithadhoo,MV,2021-01-29 14:58:34,-0.6,73.0833,82.6,74,29,9.01
92,Linxia,CN,2021-01-29 14:58:34,35.6003,103.2064,25.65,77,100,0.29
93,Victoria,HK,2021-01-29 14:55:22,22.2855,114.1577,62.01,76,0,3.0
94,Kirensk,RU,2021-01-29 14:58:34,57.7853,108.1119,-38.29,79,7,2.53
95,Nurobod,UZ,2021-01-29 14:58:34,40.9056,69.8023,41.0,65,0,4.61
96,Arua,UG,2021-01-29 14:55:43,3.0201,30.9111,85.28,29,77,13.6
97,Cherskiy,RU,2021-01-29 14:58:35,68.75,161.3,-29.29,84,100,4.9
98,Saint-Louis,SN,2021-01-29 14:58:35,16.3333,-15.0,95.68,9,0,12.8
99,Kaitangata,NZ,2021-01-29 14:58:35,-46.2817,169.8464,51.01,77,17,7.0
100,Asyut,EG,2021-01-29 14:58:35,27.181,31.1837,62.6,45,20,16.11
101,Soyo,AO,2021-01-29 14:58:35,-6.1349,12.3689,82.4,89,75,8.05
102,Thompson,CA,2021-01-29 14:58:35,55.7435,-97.8558,-5.8,84,75,3.44
103,New Norfolk,AU,2021-01-29 14:58:35,-42.7826,147.0587,63.0,83,71,0.29
104,Batemans Bay,AU,2021-01-29 14:58:36,-35.7167,150.1833,68.0,97,97,5.99
105,Carutapera,BR,2021-01-29 14:54:06,-1.195,-46.02,86.81,63,48,9.46
106,Viedma,AR,2021-01-29 14:58:36,-40.8135,-62.9967,79.52,21,27,18.5
107,Alta Floresta,BR,2021-01-29 14:58:36,-9.8756,-56.0861,84.2,70,75,4.61
108,Hargeysa,SO,2021-01-29 14:58:36,9.56,44.065,69.66,58,0,15.08
109,Tabas,IR,2021-01-29 14:58:37,33.5959,56.9244,59.0,13,65,2.3
110,Touros,BR,2021-01-29 14:58:37,-5.1989,-35.4608,87.8,55,40,16.11
111,Aklavik,CA,2021-01-29 14:58:37,68.2191,-135.0107,-31.0,75,20,6.91
112,Mandera,KE,2021-01-29 14:58:37,3.9366,41.867,94.98,15,23,11.3
113,Oranjemund,NA,2021-01-29 14:58:37,-28.55,16.4333,67.59,63,0,22.46
114,Dubrovka,RU,2021-01-29 14:58:37,53.6907,33.5071,26.6,86,90,15.66
115,Svetlogorsk,BY,2021-01-29 14:58:38,52.6333,29.7333,23.76,97,100,10.45
116,Roebourne,AU,2021-01-29 14:58:38,-20.7833,117.1333,83.25,74,1,10.13
117,Santiago De Cao,PE,2021-01-29 14:56:21,-7.9589,-79.2392,69.8,83,91,8.05
118,San Luis,AR,2021-01-29 14:58:38,-33.295,-66.3356,80.89,40,3,0.67
119,Lata,PT,2021-01-29 14:58:38,40.1629,-8.3327,59.0,87,78,1.01
120,Qianan,CN,2021-01-29 14:58:38,44.9932,124.0581,-0.42,93,100,7.45
121,Laguna,US,2021-01-29 14:57:26,38.421,-121.4238,45.0,87,90,3.8
122,Hibbing,US,2021-01-29 14:58:39,47.4272,-92.9377,12.0,85,1,3.44
123,Katsuura,JP,2021-01-29 14:58:39,35.1333,140.3,37.0,38,20,16.11
124,Provideniya,RU,2021-01-29 14:58:39,64.3833,-173.3,-8.79,83,100,8.03
125,Mangrol,IN,2021-01-29 14:58:39,21.1167,70.1167,70.41,48,70,7.07
126,Nuuk,GL,2021-01-29 14:56:02,64.1835,-51.7216,26.6,80,20,9.22
127,The Valley,AI,2021-01-29 14:56:24,18.217,-63.0578,82.4,73,40,8.05
128,Longyearbyen,SJ,2021-01-29 14:58:40,78.2186,15.6401,-2.2,50,20,18.41
129,Mahebourg,MU,2021-01-29 14:54:45,-20.4081,57.7,84.2,70,75,11.5
130,Bengkulu,ID,2021-01-29 14:58:40,-3.8004,102.2655,76.06,89,100,4.83
131,Key Largo,US,2021-01-29 14:57:57,25.0865,-80.4473,62.01,86,64,15.39
132,Zaysan,KZ,2021-01-29 14:58:40,47.4667,84.8667,1.94,91,90,0.4
133,Jinchang,CN,2021-01-29 14:58:41,38.4953,102.1739,24.87,66,49,5.28
134,Dongsheng,CN,2021-01-29 14:58:41,39.8161,109.9776,20.73,79,0,18.95
135,Barrow,US,2021-01-29 14:58:41,71.2906,-156.7887,-18.4,76,1,10.36
136,Hamilton,US,2021-01-29 14:56:11,39.1834,-84.5333,25.0,93,1,1.95
137,Joao Pinheiro,BR,2021-01-29 14:57:19,-17.7425,-46.1725,82.09,55,12,8.61
138,Butterworth,MY,2021-01-29 14:58:41,5.3991,100.3638,80.6,73,20,4.61
139,Barguzin,RU,2021-01-29 14:58:41,53.6167,109.6167,-18.56,78,100,4.21
140,Norman Wells,CA,2021-01-29 14:58:42,65.282,-126.8329,-40.0,74,20,4.61
141,Samarai,PG,2021-01-29 14:58:42,-10.6167,150.6667,81.21,81,100,9.24
142,Passo De Camaragibe,BR,2021-01-29 14:58:42,-9.2368,-35.4901,75.2,94,90,3.44
143,Eenhana,NA,2021-01-29 14:58:42,-17.4667,16.3333,77.67,51,92,6.98
144,Ekibastuz,KZ,2021-01-29 14:55:14,51.6667,75.3667,21.51,91,89,11.63
145,Evensk,RU,2021-01-29 14:58:42,61.95,159.2333,-5.62,83,100,11.61
146,Naze,JP,2021-01-29 14:58:42,28.3667,129.4833,49.48,73,73,14.99
147,Bilibino,RU,2021-01-29 14:58:43,68.0546,166.4372,-22.2,79,92,5.59
148,Alanya,TR,2021-01-29 14:58:43,36.5438,31.9998,55.4,35,40,8.05
149,Canora,CA,2021-01-29 14:58:43,51.6333,-102.4343,10.4,92,90,20.71
150,East London,ZA,2021-01-29 14:58:43,-33.0153,27.9116,75.2,78,0,10.36
151,Padang,ID,2021-01-29 14:58:43,-0.9492,100.3543,77.0,88,75,5.75
152,Lorengau,PG,2021-01-29 14:58:44,-2.0226,147.2712,82.74,77,34,10.2
153,Yucaipa,US,2021-01-29 14:58:44,34.0336,-117.0431,46.4,76,90,11.5
154,Sai Buri,TH,2021-01-29 14:58:44,6.7013,101.6168,76.44,80,77,11.74
155,Hofn,IS,2021-01-29 14:58:44,64.2539,-15.2082,31.01,84,100,4.7
156,Shache,CN,2021-01-29 14:58:45,38.4167,77.2406,25.93,80,0,2.53
157,Pacific Grove,US,2021-01-29 14:58:45,36.6177,-121.9166,46.99,93,90,6.91
158,Kirakira,SB,2021-01-29 14:58:45,-10.4544,161.9205,81.07,82,100,17.56
159,Port Elizabeth,ZA,2021-01-29 14:58:45,-33.918,25.5701,75.2,57,0,14.97
160,Mar Del Plata,AR,2021-01-29 14:58:45,-38.0023,-57.5575,77.0,41,0,5.75
161,Hohhot,CN,2021-01-29 14:58:45,40.8106,111.6522,19.4,53,0,2.24
162,Clayton,US,2021-01-29 14:58:45,33.5335,-84.3666,36.0,55,40,8.05
163,Teguise,ES,2021-01-29 14:58:46,29.0605,-13.564,68.0,88,0,9.22
164,Batsfjord,NO,2021-01-29 14:58:46,70.6345,29.7185,23.0,73,75,5.75
165,Fortuna,US,2021-01-29 14:58:46,40.5982,-124.1573,37.99,93,40,9.22
166,Cape Coast,GH,2021-01-29 14:55:15,5.1053,-1.2466,83.34,71,38,10.6
167,Minna,NG,2021-01-29 14:58:46,9.6139,6.5569,98.6,18,0,10.36
168,Kodiak,US,2021-01-29 14:58:46,57.79,-152.4072,33.8,69,90,16.11
169,Dourbali,TD,2021-01-29 14:58:46,11.8091,15.8632,95.09,9,5,13.73
170,Itarema,BR,2021-01-29 14:58:47,-2.9248,-39.9167,86.04,61,98,14.18
171,Muroto,JP,2021-01-29 14:58:47,33.2833,134.15,39.27,71,0,17.2
172,Luderitz,NA,2021-01-29 14:58:47,-26.6481,15.1594,80.31,35,0,29.15
173,Poum,NC,2021-01-29 14:58:47,-20.2333,164.0167,79.32,77,56,14.43
174,Klaksvik,FO,2021-01-29 14:58:47,62.2266,-6.589,33.8,64,40,8.05
175,Richards Bay,ZA,2021-01-29 14:58:47,-28.783,32.0377,78.91,74,6,9.33
176,Egvekinot,RU,2021-01-29 14:58:48,66.3167,-179.1667,-20.06,83,4,18.72
177,Luanda,AO,2021-01-29 14:57:24,-8.8368,13.2343,89.6,58,20,13.8
178,Asau,RO,2021-01-29 14:58:48,46.4333,26.4,43.0,61,20,10.36
179,Sitka,US,2021-01-29 14:54:39,57.0531,-135.33,35.6,55,90,20.71
180,Alexandria,EG,2021-01-29 14:57:03,31.2156,29.9553,60.8,48,40,14.97
181,Chokurdakh,RU,2021-01-29 14:58:48,70.6333,147.9167,-21.12,87,100,8.23
182,Beyla,GN,2021-01-29 14:58:48,8.6833,-8.6333,97.05,14,6,5.5
183,Orkney,ZA,2021-01-29 14:54:09,-26.9802,26.6727,77.52,56,100,7.47
184,North Bend,US,2021-01-29 14:58:49,43.4065,-124.2243,37.99,98,0,4.97
185,Nouakchott,MR,2021-01-29 14:55:05,18.0858,-15.9785,91.4,9,0,14.97
186,Finschhafen,PG,2021-01-29 14:58:49,-6.6024,147.8681,81.88,79,100,13.38
187,Sao Joao Da Barra,BR,2021-01-29 14:58:49,-21.6403,-41.0511,91.4,43,0,11.5
188,Margate,GB,2021-01-29 14:58:13,51.3813,1.3862,50.0,74,49,5.99
189,Waitara,NZ,2021-01-29 14:58:49,-38.925,174.25,48.99,71,21,15.99
190,Pierre,US,2021-01-29 14:55:36,44.3683,-100.351,15.8,79,75,8.05
191,Vila Velha,BR,2021-01-29 14:58:50,-20.3297,-40.2925,91.0,51,20,13.8
192,Sobolevo,RU,2021-01-29 14:58:50,54.4299,31.8996,25.41,98,100,13.15
193,Tasiilaq,GL,2021-01-29 14:58:50,65.6145,-37.6368,19.4,93,90,20.71
194,Mackenzie,CA,2021-01-29 14:58:50,55.2999,-123.1698,-2.2,78,90,5.75
195,Powell,US,2021-01-29 14:58:50,40.1578,-83.0752,25.0,73,1,4.61
196,Dharchula,IN,2021-01-29 14:58:51,29.85,80.5333,43.02,42,2,6.73
197,Yulara,AU,2021-01-29 14:58:51,-25.2406,130.9889,84.2,54,90,14.97
198,Bambanglipuro,ID,2021-01-29 14:58:51,-7.95,110.2833,76.86,89,100,13.98
199,Srednekolymsk,RU,2021-01-29 14:58:51,67.45,153.6833,-28.41,85,100,4.36
200,Voh,NC,2021-01-29 14:58:51,-20.9667,164.7,74.8,84,97,4.18
201,Yaring,TH,2021-01-29 14:58:51,6.8662,101.3689,76.6,80,61,12.62
202,Port Lincoln,AU,2021-01-29 14:58:52,-34.7333,135.8667,63.19,75,93,14.83
203,Pontarlier,FR,2021-01-29 14:58:52,46.8333,6.25,42.01,96,100,16.24
204,Baiyin,CN,2021-01-29 14:58:52,36.5583,104.2081,32.0,57,0,4.47
205,Odweyne,SO,2021-01-29 14:58:52,9.4092,45.064,77.68,28,0,9.26
206,Worland,US,2021-01-29 14:55:54,44.0169,-107.9554,42.01,44,1,10.36
207,Tynset,NO,2021-01-29 14:58:52,62.2759,10.7824,-5.8,77,0,1.14
208,Mayo,US,2021-01-29 14:58:52,38.8876,-76.5119,28.99,50,1,13.8
209,Foca,TR,2021-01-29 14:58:53,38.6703,26.7566,50.0,57,40,16.11
210,Abatskoye,RU,2021-01-29 14:58:53,56.2875,70.4555,12.78,96,100,5.37
211,Port-Gentil,GA,2021-01-29 14:58:53,-0.7193,8.7815,86.0,70,40,12.66
212,Choix,MX,2021-01-29 14:58:53,26.7092,-108.3219,65.08,40,73,4.38
213,San Buenaventura,MX,2021-01-29 14:58:54,27.0833,-101.5333,55.0,87,1,1.97
214,Hidalgo,MX,2021-01-29 14:58:54,20.5,-99.0,51.44,77,100,1.68
215,Arzgir,RU,2021-01-29 14:56:07,45.3728,44.2206,40.24,71,100,2.77
216,Meulaboh,ID,2021-01-29 14:58:54,4.1363,96.1285,78.4,82,98,3.36
217,Saldanha,ZA,2021-01-29 14:58:54,-33.0117,17.9442,67.96,71,0,18.28
218,Sidi Ali,DZ,2021-01-29 14:58:54,36.0998,0.4206,66.88,56,1,9.17
219,Bathsheba,BB,2021-01-29 14:58:55,13.2167,-59.5167,80.6,69,40,20.71
220,Quelimane,MZ,2021-01-29 14:58:55,-17.8786,36.8883,87.8,70,75,10.36
221,Pevek,RU,2021-01-29 14:58:55,69.7008,170.3133,-27.42,86,6,3.22
222,Aktash,RU,2021-01-29 14:58:55,50.3,87.7333,4.62,88,25,4.36
223,Oskemen,KZ,2021-01-29 14:58:55,49.9565,82.6119,8.6,92,100,2.24
224,Amazar,RU,2021-01-29 14:58:55,53.858,120.875,-29.36,80,97,3.18
225,Labytnangi,RU,2021-01-29 14:58:56,66.6572,66.4183,-39.51,80,1,0.72
226,Kieta,PG,2021-01-29 14:58:56,-6.2167,155.6333,80.42,81,70,9.51
227,Sabang,ID,2021-01-29 14:58:56,5.8933,95.3214,82.02,78,100,16.8
228,Zonguldak,TR,2021-01-29 14:58:56,41.25,31.8333,34.65,78,0,3.27
229,Jonesboro,US,2021-01-29 14:56:32,35.8423,-90.7043,36.0,86,96,4.61
230,Catamarca,AR,2021-01-29 14:58:56,-28.4696,-65.7852,88.0,55,0,1.99
231,Lebu,CL,2021-01-29 14:58:57,-37.6167,-73.65,58.93,97,97,3.62
232,Trofors,NO,2021-01-29 14:58:57,65.5333,13.4063,5.0,85,40,2.3
233,Ust-Nera,RU,2021-01-29 14:58:57,64.5667,143.2,-16.26,79,100,2.26
234,San Quintin,MX,2021-01-29 14:58:57,30.4833,-115.95,56.16,85,89,8.39
235,Saint George,US,2021-01-29 14:57:32,37.1041,-113.5841,48.2,43,40,11.5
236,Shestakovo,RU,2021-01-29 14:58:57,56.4915,103.96,-18.0,85,100,2.91
237,Lagoa,PT,2021-01-29 14:58:57,39.05,-27.9833,59.13,71,68,21.77
238,Zyryanka,RU,2021-01-29 14:58:58,65.75,150.85,-22.68,86,100,6.44
239,Hobart,AU,2021-01-29 14:57:21,-42.8794,147.3294,63.0,94,90,4.61
240,Coxim,BR,2021-01-29 14:58:58,-18.5067,-54.76,74.28,88,100,2.3
241,San Juan,AR,2021-01-29 14:57:18,-31.5375,-68.5364,83.14,29,0,7.36
242,Cabo San Lucas,MX,2021-01-29 14:58:58,22.8909,-109.9124,64.0,71,40,3.44
243,Souillac,MU,2021-01-29 14:58:58,-20.5167,57.5167,84.2,70,75,11.5
244,Grindavik,IS,2021-01-29 14:58:59,63.8424,-22.4338,35.6,80,75,5.75
245,Rudbar,AF,2021-01-29 14:58:59,30.15,62.6,62.55,21,99,9.42
246,Dhidhdhoo,MV,2021-01-29 14:58:59,6.8833,73.1,81.23,66,0,10.51
247,Mao,ES,2021-01-29 14:58:59,39.8885,4.2658,68.0,56,0,8.05
248,Neryungri,RU,2021-01-29 14:58:59,56.6709,124.6491,-36.35,79,100,3.31
249,Saint-Philippe,RE,2021-01-29 14:58:59,-21.3585,55.7679,84.2,65,0,3.44
250,Kortkeros,RU,2021-01-29 14:58:59,61.8106,51.5806,26.6,86,90,11.18
251,Ulaangom,MN,2021-01-29 14:59:00,49.9811,92.0667,-5.1,89,100,1.7
252,Redcliffe,AU,2021-01-29 14:59:00,-27.2307,153.0973,75.2,78,75,6.91
253,Abu Dhabi,AE,2021-01-29 14:59:00,24.4667,54.3667,78.8,38,0,4.61
254,Chongwe,ZM,2021-01-29 14:59:00,-15.3292,28.682,69.8,88,75,4.61
255,Nikolskoye,RU,2021-01-29 14:59:00,59.7035,30.7861,32.0,93,75,4.47
256,Grand Island,US,2021-01-29 14:55:19,40.925,-98.342,19.4,93,90,4.61
257,Koshurnikovo,RU,2021-01-29 14:59:01,54.1667,93.3,17.02,96,100,6.29
258,Oktyabrskiy,RU,2021-01-29 14:59:01,54.4815,53.471,23.86,97,100,9.01
259,Opuwo,NA,2021-01-29 14:59:01,-18.0607,13.84,82.27,42,91,10.45
260,Varnavino,RU,2021-01-29 14:59:01,57.4035,45.0916,23.92,98,99,7.67
261,College,US,2021-01-29 14:59:01,64.8569,-147.8028,1.0,77,75,3.04
262,Ternate,ID,2021-01-29 14:59:01,0.8,127.4,80.26,81,100,8.37
263,Burnie,AU,2021-01-29 14:59:02,-41.0667,145.9167,61.0,98,100,7.0
264,Moa,CU,2021-01-29 14:59:02,20.6569,-74.9403,71.4,82,98,13.6
265,Nome,US,2021-01-29 14:59:02,64.5011,-165.4064,6.8,66,75,5.75
266,Solnechnyy,RU,2021-01-29 14:59:02,50.7214,136.6319,-7.08,87,100,7.63
267,Vestmanna,FO,2021-01-29 14:59:02,62.1564,-7.1664,33.8,64,40,8.05
268,Vrangel,RU,2021-01-29 14:59:02,42.7297,133.0839,1.42,85,0,18.57
269,Seoul,KR,2021-01-29 14:57:22,37.5683,126.9778,17.6,57,0,6.91
270,Te Anau,NZ,2021-01-29 14:59:03,-45.4167,167.7167,39.4,89,8,1.68
271,Ancud,CL,2021-01-29 14:59:03,-41.8697,-73.8203,57.2,62,20,13.8
272,Olafsvik,IS,2021-01-29 14:59:03,64.8945,-23.7142,34.54,85,100,7.25
273,Lavrentiya,RU,2021-01-29 14:59:03,65.5833,-171.0,-16.47,82,78,12.5
274,Pangnirtung,CA,2021-01-29 14:59:03,66.1451,-65.7125,-9.4,77,1,3.44
275,Along,IN,2021-01-29 14:59:04,28.1667,94.7667,53.87,54,0,2.24
276,Bambous Virieux,MU,2021-01-29 14:59:04,-20.3428,57.7575,84.2,70,75,11.5
277,Anadyr,RU,2021-01-29 14:59:04,64.75,177.4833,-13.0,77,0,2.24
278,Fuerte Olimpo,PY,2021-01-29 14:59:04,-21.0415,-57.8738,81.0,72,84,12.46
279,Temirtau,KZ,2021-01-29 14:59:04,50.0544,72.9483,3.2,85,0,8.95
280,Gashua,NG,2021-01-29 14:59:04,12.871,11.0482,87.66,13,0,17.22
281,Moville,US,2021-01-29 14:59:04,42.4889,-96.0725,24.01,86,90,13.8
282,Ust-Tsilma,RU,2021-01-29 14:59:05,65.441,52.1498,-15.05,87,98,7.72
283,Rafaela,AR,2021-01-29 14:59:05,-31.2503,-61.4867,81.41,51,13,13.56
284,Cayenne,GF,2021-01-29 14:59:05,4.9333,-52.3333,78.8,94,75,5.75
285,Mufumbwe,ZM,2021-01-29 14:59:05,-13.6833,24.8,75.6,83,100,2.84
286,Sola,VU,2021-01-29 14:59:05,-13.8833,167.55,81.99,79,100,19.66
287,Naryan-Mar,RU,2021-01-29 14:59:06,67.6713,53.087,-20.78,83,100,10.25
288,Tahara,JP,2021-01-29 14:59:06,34.6667,137.2667,34.0,79,94,7.0
289,Akniste,LV,2021-01-29 14:59:06,56.1615,25.7478,27.25,98,100,10.49
290,San Patricio,US,2021-01-29 14:59:06,28.017,-97.5169,59.0,88,1,8.05
291,Port Hardy,CA,2021-01-29 14:59:06,50.6996,-127.4199,41.0,93,75,9.22
292,Gorom-Gorom,BF,2021-01-29 14:59:06,14.4439,-0.2361,93.67,10,0,15.01
293,Bati,ET,2021-01-29 14:59:07,11.1833,40.0167,72.34,26,0,7.99
294,Manhuacu,BR,2021-01-29 14:59:07,-20.2581,-42.0336,78.03,66,87,4.7
295,Manggar,ID,2021-01-29 14:59:07,-2.8833,108.2667,78.98,83,100,12.3
296,Verkhnyaya Inta,RU,2021-01-29 14:59:07,65.9811,60.3094,-19.5,83,70,12.19
297,Kysyl-Syr,RU,2021-01-29 14:59:07,63.8986,122.7617,-50.4,75,93,3.2
298,Frejus,FR,2021-01-29 14:59:07,43.4329,6.7352,68.0,30,0,14.97
299,Khorixas,NA,2021-01-29 14:59:08,-20.3667,14.9667,88.36,27,42,22.75
300,Veraval,IN,2021-01-29 14:59:08,20.9,70.3667,70.59,53,76,7.74
301,Biak,ID,2021-01-29 14:59:08,-0.9131,122.8766,77.02,69,90,5.21
302,Chlorakas,CY,2021-01-29 14:57:11,34.8042,32.4083,55.4,50,40,24.16
303,Okhotsk,RU,2021-01-29 14:59:08,59.3833,143.3,-13.63,79,52,4.74
304,Galveston,US,2021-01-29 14:59:08,29.3669,-94.9669,55.99,82,90,12.66
305,Loubomo,CG,2021-01-29 14:59:09,-4.1997,12.6739,84.65,64,100,3.83
306,La Macarena,CO,2021-01-29 14:59:09,2.1837,-73.7849,86.54,45,0,9.64
307,Adre,TD,2021-01-29 14:59:09,13.4667,22.2,86.13,13,3,19.28
308,Haines Junction,CA,2021-01-29 14:59:09,60.7522,-137.5108,-11.2,77,100,1.74
309,Suntar,RU,2021-01-29 14:59:09,62.1444,117.6319,-48.86,76,88,1.86
310,Vangaindrano,MG,2021-01-29 14:59:09,-23.35,47.6,81.7,78,3,8.77
311,Nisia Floresta,BR,2021-01-29 14:59:09,-6.0911,-35.2086,87.8,66,75,14.97
312,Cairns,AU,2021-01-29 14:59:10,-16.9167,145.7667,78.8,83,75,10.36
313,Madhupur,IN,2021-01-29 14:59:10,24.25,86.65,59.04,43,0,8.1
314,Alofi,NU,2021-01-29 14:58:21,-19.0595,-169.9187,75.2,94,100,6.91
315,Fairbanks,US,2021-01-29 14:59:10,64.8378,-147.7164,1.0,77,90,2.59
316,Nanortalik,GL,2021-01-29 14:59:10,60.1432,-45.2371,33.91,87,99,8.23
317,Marawi,PH,2021-01-29 14:59:10,7.9986,124.2928,79.0,86,100,1.01
318,Huilong,CN,2021-01-29 14:59:11,31.8111,121.655,41.0,59,0,5.99
319,Hasaki,JP,2021-01-29 14:59:11,35.7333,140.8333,36.0,38,20,6.91
320,Smolenka,RU,2021-01-29 14:59:11,52.1352,113.4974,-29.2,68,0,0.87
321,Luena,AO,2021-01-29 14:59:11,-11.7833,19.9167,73.6,70,96,6.71
322,Pozo Colorado,PY,2021-01-29 14:59:11,-23.4923,-58.7972,83.64,61,100,10.92
323,Sheltozero,RU,2021-01-29 14:59:12,61.3667,35.3667,27.9,98,100,11.03
324,Jumla,NP,2021-01-29 14:59:12,29.2747,82.1838,29.52,80,4,3.6
325,Mehamn,NO,2021-01-29 14:59:12,71.0357,27.8492,23.0,74,20,14.97
326,Rio Gallegos,AR,2021-01-29 14:59:12,-51.6226,-69.2181,48.2,46,75,26.46
327,Sangar,RU,2021-01-29 14:59:12,63.9242,127.4739,-51.93,76,99,1.43
328,Teya,RU,2021-01-29 14:59:12,60.3778,92.6267,-24.16,81,100,7.23
329,Road Town,VG,2021-01-29 14:58:58,18.4167,-64.6167,80.01,73,20,3.44
330,Sorland,NO,2021-01-29 14:59:13,67.667,12.6934,28.4,74,40,9.22
331,Ruteng,ID,2021-01-29 14:59:13,-8.6136,120.4721,64.92,100,97,4.23
332,Mana,GF,2021-01-29 14:59:13,5.6592,-53.7767,80.1,83,20,9.26
333,Saint-Georges,GD,2021-01-29 14:59:13,12.0564,-61.7485,84.2,65,40,12.66
334,Ugoofaaru,MV,2021-01-29 14:59:13,5.6667,73.0,81.21,67,34,10.25
335,Tateyama,JP,2021-01-29 14:59:13,34.9833,139.8667,37.0,38,20,16.11
336,Abbeyfeale,IE,2021-01-29 14:59:14,52.3814,-9.3025,51.8,66,40,8.05
337,Bloomingdale,US,2021-01-29 14:59:14,27.8936,-82.2404,54.0,54,1,5.75
338,Igrim,RU,2021-01-29 14:59:14,63.1906,64.4162,-30.01,83,93,5.17
339,Omsukchan,RU,2021-01-29 14:59:14,62.5333,155.8,-27.76,82,100,4.27
340,Tazmalt,DZ,2021-01-29 14:59:14,36.3868,4.3989,73.94,32,4,6.08
341,Tairua,NZ,2021-01-29 14:59:14,-37.0167,175.85,57.99,74,90,5.99
342,Maragogi,BR,2021-01-29 14:59:14,-9.0122,-35.2225,83.32,65,100,10.33
343,San Matias,BO,2021-01-29 14:59:15,-16.3667,-58.4,80.38,79,94,5.99
344,Vila Franca Do Campo,PT,2021-01-29 14:59:15,37.7167,-25.4333,62.6,77,20,18.41
345,Kavieng,PG,2021-01-29 14:59:15,-2.5744,150.7967,83.48,77,45,11.7
346,Villa Carlos Paz,AR,2021-01-29 14:59:15,-31.4241,-64.4978,70.0,83,75,4.61
347,Port Augusta,AU,2021-01-29 14:59:15,-32.5,137.7667,66.2,77,75,13.8
348,Xichang,CN,2021-01-29 14:59:15,27.8964,102.2634,45.12,57,5,1.79
349,Cockburn Town,TC,2021-01-29 14:55:14,21.4612,-71.1419,72.73,79,93,23.35
350,Chara,RU,2021-01-29 14:59:16,56.9064,118.2631,-33.48,78,100,0.69
351,Khandagayty,RU,2021-01-29 14:59:16,50.7333,92.05,4.62,85,95,2.19
352,Westport,US,2021-01-29 14:59:16,41.1415,-73.3579,15.01,52,1,21.85
353,Batticaloa,LK,2021-01-29 14:59:16,7.7102,81.6924,75.49,94,100,11.03
354,Sycow,PL,2021-01-29 14:59:16,51.3081,17.7198,36.0,67,100,4.61
355,Mackay,AU,2021-01-29 14:59:16,-21.15,149.2,78.8,73,40,14.97
356,Cabedelo,BR,2021-01-29 14:58:24,-6.9811,-34.8339,87.8,58,40,12.66
357,Rurrenabaque,BO,2021-01-29 14:59:17,-14.4413,-67.5278,77.0,88,90,3.44
358,Kapit,MY,2021-01-29 14:59:17,2.0167,112.9333,74.05,94,100,1.36
359,Polunochnoye,RU,2021-01-29 14:59:17,60.8697,60.4153,-11.16,91,100,5.68
360,Pisco,PE,2021-01-29 14:59:17,-13.7,-76.2167,73.0,78,0,10.36
361,Zomba,MW,2021-01-29 14:59:17,-15.386,35.3188,77.88,83,73,2.28
362,Chalmette,US,2021-01-29 14:59:17,29.9427,-89.9634,48.99,71,1,14.97
363,Zhezkazgan,KZ,2021-01-29 14:59:17,47.8043,67.7144,16.59,95,0,10.98
364,Labis,MY,2021-01-29 14:59:18,2.385,103.021,73.65,87,100,5.59
365,Talnakh,RU,2021-01-29 14:59:18,69.4865,88.3972,-30.8,69,0,1.41
366,North Platte,US,2021-01-29 14:59:18,41.1239,-100.7654,12.2,85,1,3.83
367,Terney,RU,2021-01-29 14:59:18,45.0503,136.6092,2.14,86,100,18.12
368,Luganville,VU,2021-01-29 14:59:18,-15.5333,167.1667,78.42,81,100,1.63
369,Bonnyville,CA,2021-01-29 14:59:18,54.2668,-110.735,3.2,85,40,1.07
370,Yumen,CN,2021-01-29 14:59:18,40.2833,97.2,23.97,74,0,13.27
371,Wagar,SD,2021-01-29 14:59:19,16.1525,36.2032,89.83,22,12,12.21
372,Bad Durrheim,DE,2021-01-29 14:59:19,48.0167,8.5333,44.01,85,99,14.2
373,Aleksandrov Gay,RU,2021-01-29 14:59:19,50.147,48.5704,26.13,98,100,4.9
374,Mount Isa,AU,2021-01-29 14:59:19,-20.7333,139.5,87.8,42,40,3.44
375,Nuevitas,CU,2021-01-29 14:59:19,21.5453,-77.2644,71.6,60,75,13.8
376,Tchamba,TG,2021-01-29 14:59:20,9.0333,1.4167,98.85,13,51,6.64
377,Invermere,CA,2021-01-29 14:59:20,50.5167,-116.0354,24.01,93,100,0.92
378,Turukhansk,RU,2021-01-29 14:59:20,65.8167,87.9833,-28.1,79,100,6.91
379,Atar,MR,2021-01-29 14:59:20,20.5169,-13.0499,87.66,12,0,13.24
380,Mogadishu,SO,2021-01-29 14:59:20,2.0371,45.3438,80.6,61,0,19.57
381,Clyde River,CA,2021-01-29 14:59:20,70.4692,-68.5914,-18.4,83,1,4.61
382,Mwinilunga,ZM,2021-01-29 14:59:21,-11.7358,24.4293,75.02,72,100,5.06
383,Ambanja,MG,2021-01-29 14:59:21,-13.6833,48.45,79.83,80,99,2.01
384,Sur,OM,2021-01-29 14:59:21,22.5667,59.5289,65.82,54,19,6.33
385,Airai,TL,2021-01-29 14:59:21,-8.9266,125.4092,61.92,100,100,4.36
386,Shirokiy,RU,2021-01-29 14:59:21,49.758,129.523,-27.87,83,40,3.53
387,Gua Musang,MY,2021-01-29 14:59:22,4.8823,101.9644,71.29,88,53,2.06
388,Nishihara,JP,2021-01-29 14:59:22,26.1842,127.7558,57.2,50,75,6.91
389,Mahajanga,MG,2021-01-29 14:59:22,-15.7167,46.3167,86.0,70,20,11.5
390,Saint-Pierre,RE,2021-01-29 14:59:22,-21.3393,55.4781,84.2,65,0,3.44
391,Longkou,CN,2021-01-29 14:59:22,37.6508,120.3286,34.25,83,0,15.28
392,Yar-Sale,RU,2021-01-29 14:59:22,66.8333,70.8333,-40.94,79,13,7.63
393,Matagami,CA,2021-01-29 14:59:23,49.7502,-77.6328,1.4,85,90,11.5
394,Grand-Lahou,CI,2021-01-29 14:59:23,5.1367,-5.0242,83.68,72,100,8.25
395,Ihosy,MG,2021-01-29 14:59:23,-22.4,46.1167,79.72,68,58,8.79
396,Kloulklubed,PW,2021-01-29 14:56:00,7.0419,134.2556,78.8,73,90,9.22
397,Chor,PK,2021-01-29 14:59:23,25.5167,69.7667,59.76,25,0,4.09
398,Krasnoselkup,RU,2021-01-29 14:59:23,65.7,82.4667,-24.02,85,100,7.63
399,Tiksi,RU,2021-01-29 14:59:23,71.6872,128.8694,-30.33,86,79,3.24
400,Nicoya,CR,2021-01-29 14:59:24,10.1483,-85.452,80.6,57,0,21.85
401,Banda Aceh,ID,2021-01-29 14:55:03,5.5577,95.3222,78.48,82,100,9.78
402,Sinnamary,GF,2021-01-29 14:59:24,5.3833,-52.95,79.65,86,30,9.91
403,Cheremnoye,RU,2021-01-29 14:59:24,53.1697,83.2133,23.0,80,75,20.13
404,Muromtsevo,RU,2021-01-29 14:59:24,56.3724,75.2418,18.07,97,100,6.85
405,Polyarnyy,RU,2021-01-29 14:59:24,69.1989,33.4478,8.6,78,75,4.47
406,Narsaq,GL,2021-01-29 14:59:25,60.9167,-46.05,44.6,31,75,35.68
407,Saint-Michel-Des-Saints,CA,2021-01-29 14:59:25,46.6834,-73.9159,-3.6,88,84,8.95
408,Otavi,NA,2021-01-29 14:59:25,-19.65,17.3333,81.03,42,74,13.56
409,Khandyga,RU,2021-01-29 14:59:25,62.6667,135.6,-51.07,75,100,1.3
410,Sorong,ID,2021-01-29 14:59:25,-0.8833,131.25,81.21,75,100,9.26
411,Wuwei,CN,2021-01-29 14:59:25,37.9281,102.6414,25.18,69,100,3.94
412,Altay,CN,2021-01-29 14:59:25,47.8667,88.1167,4.93,81,79,1.43
413,Ostersund,SE,2021-01-29 14:59:26,63.1792,14.6357,-7.6,84,0,1.83
414,Halifax,CA,2021-01-29 14:59:26,44.6453,-63.5724,26.01,63,75,14.97
415,Povenets,RU,2021-01-29 14:59:26,62.8487,34.8262,27.28,98,100,9.4
416,Erenhot,CN,2021-01-29 14:59:26,43.6475,111.9767,13.71,89,60,9.71
417,Praia,CV,2021-01-29 14:59:26,14.9215,-23.5087,82.4,44,100,21.85
418,Santa Cruz,BO,2021-01-29 14:58:39,-17.8,-63.1667,75.2,88,90,18.41
419,Faya,SA,2021-01-29 14:59:26,18.3851,42.4509,68.0,39,20,6.91
420,Havelock,US,2021-01-29 14:57:52,34.8791,-76.9013,33.01,64,1,12.66
421,Mount Gambier,AU,2021-01-29 14:59:27,-37.8333,140.7667,60.8,94,90,10.36
422,Tacoronte,ES,2021-01-29 14:59:27,28.4769,-16.4102,75.0,28,0,6.91
423,Iskateley,RU,2021-01-29 14:59:27,67.6803,53.1512,-20.87,83,100,10.07
424,Saint-Joseph,RE,2021-01-29 14:59:27,-21.3667,55.6167,84.2,65,0,3.44
425,Cortez,US,2021-01-29 14:59:28,37.3489,-108.5859,42.8,36,20,9.22
426,Tsabong,BW,2021-01-29 14:59:28,-26.0217,22.401,93.34,17,60,13.35
427,Sabha,LY,2021-01-29 14:59:28,27.0377,14.4283,69.19,30,0,6.55
428,Gueugnon,FR,2021-01-29 14:59:29,46.6036,4.0629,51.8,71,40,16.11
429,Pangai,TO,2021-01-29 14:59:29,-19.8,-174.35,80.04,82,100,32.84
430,Zhangye,CN,2021-01-29 14:59:29,38.9342,100.4517,21.49,76,38,2.86
431,Los Llanos De Aridane,ES,2021-01-29 14:59:30,28.6585,-17.9182,71.6,73,0,4.61
432,Wanning,CN,2021-01-29 14:59:30,18.8003,110.3967,65.5,85,38,8.97
433,Havoysund,NO,2021-01-29 14:59:30,70.9963,24.6622,21.2,79,75,11.5
434,Ilulissat,GL,2021-01-29 14:59:30,69.2167,-51.1,1.4,46,1,3.44
435,Ucluelet,CA,2021-01-29 14:59:30,48.9329,-125.5528,41.0,87,100,1.01
436,Atchison,US,2021-01-29 14:59:31,39.563,-95.1216,30.99,89,0,11.65
437,Qinhuangdao,CN,2021-01-29 14:59:31,39.9317,119.5883,22.93,86,0,4.9
438,Isangel,VU,2021-01-29 14:59:31,-19.55,169.2667,77.83,81,35,16.24
439,Radeberg,DE,2021-01-29 14:59:31,51.1167,13.9167,33.01,100,75,8.05
440,Kahului,US,2021-01-29 14:59:31,20.8947,-156.47,69.8,78,20,14.97
441,Kamyshin,RU,2021-01-29 14:59:31,50.0983,45.416,27.55,96,97,9.44
442,Irbeyskoye,RU,2021-01-29 14:59:32,55.6428,95.4522,12.65,94,100,5.61
443,Fonte Boa,BR,2021-01-29 14:59:32,-2.4959,-66.2662,85.51,63,64,5.19
444,Kunming,CN,2021-01-29 14:59:32,25.0389,102.7183,54.0,57,0,8.95
445,Puerto Suarez,BO,2021-01-29 14:59:32,-18.95,-57.8,82.4,78,75,6.91
446,Bulungu,CD,2021-01-29 14:59:32,-4.55,18.6,89.37,53,75,2.55
447,Kaeo,NZ,2021-01-29 14:59:32,-35.1,173.7833,54.0,86,1,1.01
448,Pochutla,MX,2021-01-29 14:59:32,15.7432,-96.4661,79.0,69,75,1.77
449,Bandarban,BD,2021-01-29 14:59:33,22.1965,92.2262,58.03,54,0,1.57
450,Hannibal,US,2021-01-29 14:59:03,39.7084,-91.3585,26.6,68,1,6.91
451,Belmonte,BR,2021-01-29 14:59:33,-15.8631,-38.8828,86.0,58,40,12.66
452,Beni,CD,2021-01-29 14:59:33,0.5,29.4667,87.19,29,66,3.76
453,Troitsko-Pechorsk,RU,2021-01-29 14:59:33,62.7084,56.1964,1.67,93,99,8.03
454,Ibra,OM,2021-01-29 14:59:33,22.6906,58.5334,65.7,26,69,9.73
455,Guerrero Negro,MX,2021-01-29 14:59:33,27.9769,-114.0611,55.27,79,2,4.41
456,Jimo,CN,2021-01-29 14:59:34,36.3897,120.4622,41.0,65,0,8.95
457,Faanui,PF,2021-01-29 14:59:34,-16.4833,-151.75,80.73,65,0,8.32
458,Bowen,AU,2021-01-29 14:59:34,-20.0167,148.2333,75.2,88,90,5.75
459,Berbera,SO,2021-01-29 14:59:34,10.4396,45.0143,76.68,71,18,12.1
460,Moissala,TD,2021-01-29 14:59:34,8.3404,17.7663,100.2,11,50,5.59
461,Naryshkino,RU,2021-01-29 14:59:34,52.9678,35.7268,24.6,98,100,11.81
462,Pingliang,CN,2021-01-29 14:59:35,35.5392,106.6861,24.01,70,53,1.99
463,Batagay-Alyta,RU,2021-01-29 14:59:35,67.8006,130.4114,-35.61,79,82,1.41
464,Montepuez,MZ,2021-01-29 14:59:35,-13.1256,38.9997,78.53,92,21,2.48
465,Port Macquarie,AU,2021-01-29 14:59:35,-31.4333,152.9167,71.01,99,75,10.47
466,Tarauaca,BR,2021-01-29 14:59:35,-8.1614,-70.7656,76.41,90,98,3.02
467,Yatou,CN,2021-01-29 14:59:36,37.15,122.3833,35.47,84,0,13.85
468,Manavalakurichi,IN,2021-01-29 14:59:36,8.1333,77.3,84.2,61,20,4.65
469,Zhuanghe,CN,2021-01-29 14:59:36,39.7008,122.9911,21.0,73,91,3.0
470,Araceli,PH,2021-01-29 14:59:36,10.5529,119.9913,80.08,76,50,29.51
471,Mollendo,PE,2021-01-29 14:59:36,-17.0231,-72.0147,74.1,64,34,9.84
472,Kungurtug,RU,2021-01-29 14:59:36,50.5994,97.5228,16.83,89,100,6.62
473,Yurty,RU,2021-01-29 14:59:36,56.0498,97.6348,-7.78,91,100,1.97
474,Beringovskiy,RU,2021-01-29 14:59:36,63.05,179.3167,-10.82,85,100,12.33
475,Katsina,NG,2021-01-29 14:59:37,12.9894,7.6006,87.64,12,1,16.98
476,Badulla,LK,2021-01-29 14:59:37,6.9895,81.0557,66.74,86,96,3.76
477,Mitu,CO,2021-01-29 14:58:20,1.1983,-70.1733,84.74,55,55,5.39
478,Wawa,NG,2021-01-29 14:59:37,9.9022,4.4192,96.58,9,31,4.68
479,Ilmatsalu,EE,2021-01-29 14:59:37,58.3881,26.5593,30.2,93,90,10.36
480,Ahipara,NZ,2021-01-29 14:59:37,-35.1667,173.1667,57.4,83,1,7.74
481,Colares,PT,2021-01-29 14:59:37,38.7992,-9.4469,59.0,94,90,11.5
482,Cabadiangan,PH,2021-01-29 14:59:38,9.7531,122.4739,76.17,83,98,11.1
483,Santiago Del Estero,AR,2021-01-29 14:54:44,-27.7951,-64.2615,90.63,41,82,3.98
484,Oytal,KZ,2021-01-29 14:59:38,42.9057,73.2697,25.72,79,0,4.79
485,Manali,IN,2021-01-29 14:59:38,13.1667,80.2667,78.8,73,20,4.61
486,San Rafael Del Sur,NI,2021-01-29 14:55:01,11.8485,-86.4384,75.2,83,40,6.91
487,Slave Lake,CA,2021-01-29 14:59:38,55.2834,-114.769,-9.4,84,1,5.75
488,Dwarka,IN,2021-01-29 14:59:39,22.2394,68.9678,68.05,46,84,12.62
489,Maniitsoq,GL,2021-01-29 14:59:39,65.4167,-52.9,24.8,76,0,5.55
490,Muriwai Beach,NZ,2021-01-29 14:59:39,-36.8167,174.45,61.0,82,18,8.3
491,Northam,GB,2021-01-29 14:59:39,51.0333,-4.2167,52.0,86,61,11.99
492,Onega,RU,2021-01-29 14:59:39,63.9061,38.1404,25.63,97,100,13.15
493,Kangaatsiaq,GL,2021-01-29 14:59:40,68.3065,-53.4641,4.59,84,0,4.34
494,Vicuna,CL,2021-01-29 14:59:40,-30.0319,-70.7081,62.6,82,90,8.05
495,Chadiza,ZM,2021-01-29 14:59:40,-14.0678,32.4392,75.34,87,100,1.86
496,Astana,KZ,2021-01-29 14:59:40,51.1801,71.446,8.6,85,0,2.24
497,Ribeirao Branco,BR,2021-01-29 14:59:40,-24.2208,-48.7656,75.96,79,99,6.55
498,Kidal,ML,2021-01-29 14:59:40,18.4411,1.4078,84.52,12,0,12.8
499,Aksaray,TR,2021-01-29 14:59:40,38.3726,34.0254,35.6,55,40,8.05
500,Moyale,KE,2021-01-29 14:59:41,3.5167,39.0584,86.38,25,6,15.03
501,Matadi,CD,2021-01-29 14:59:41,-5.8167,13.45,88.59,62,83,3.47
502,Tanete,ID,2021-01-29 14:59:41,-3.9443,119.7848,77.36,85,100,3.83
503,Kukshi,IN,2021-01-29 14:59:41,22.2,74.75,70.14,23,2,4.32
504,Yanam,IN,2021-01-29 14:59:41,16.7333,82.2167,78.8,78,36,6.91
505,La Ronge,CA,2021-01-29 14:59:41,55.1001,-105.2842,5.0,85,100,6.91
506,Opunake,NZ,2021-01-29 14:59:41,-39.4556,173.8583,48.99,71,0,15.99
507,Paraiso,CR,2021-01-29 14:57:00,9.8383,-83.8656,68.0,64,20,23.02
508,Verkhoyansk,RU,2021-01-29 14:59:42,67.5447,133.385,-43.78,74,100,0.72
509,Noumea,NC,2021-01-29 14:56:04,-22.2763,166.4572,71.6,88,0,2.3
510,Nouadhibou,MR,2021-01-29 14:59:42,20.931,-17.0347,84.2,24,0,12.66
511,Kampene,CD,2021-01-29 14:59:42,-3.6,26.6667,78.08,91,80,1.45
512,Carolina,PR,2021-01-29 14:59:42,18.3808,-65.9574,80.6,69,40,6.71
513,Pringsewu,ID,2021-01-29 14:59:42,-5.3582,104.9744,74.3,91,100,3.0
514,Ambunti,PG,2021-01-29 14:59:42,-4.2365,142.8448,75.34,97,100,3.6
515,Honningsvag,NO,2021-01-29 14:59:43,70.9821,25.9704,21.2,79,75,11.5
516,Bikin,RU,2021-01-29 14:59:43,46.8161,134.26,-14.24,86,100,2.35
517,Masallatah,LY,2021-01-29 14:59:43,32.6167,14.0,68.43,42,0,17.63
518,Taltal,CL,2021-01-29 14:59:43,-25.4,-70.4833,71.04,60,0,6.24
519,Phulji,PK,2021-01-29 14:59:43,26.8825,67.6807,55.31,39,0,0.4
520,Darhan,MN,2021-01-29 14:59:43,49.4867,105.9228,3.33,88,100,3.98
521,Ayr,GB,2021-01-29 14:59:44,55.4627,-4.6339,41.0,81,90,8.05
522,Bubaque,GW,2021-01-29 14:59:44,11.2833,-15.8333,79.81,56,10,9.51
523,Flin Flon,CA,2021-01-29 14:59:29,54.7682,-101.865,3.2,85,90,9.22
524,Millau,FR,2021-01-29 14:59:44,44.0833,2.9167,57.99,76,90,16.11
525,Hambantota,LK,2021-01-29 14:59:44,6.1241,81.1185,79.29,79,98,6.46
526,Hovd,MN,2021-01-29 14:59:44,48.0056,91.6419,14.5,74,100,1.83
527,Yaan,NG,2021-01-29 14:59:45,7.3833,8.5667,100.45,8,10,9.98
528,Qaqortoq,GL,2021-01-29 14:59:45,60.7167,-46.0333,44.6,31,75,35.68
529,Jaguaruna,BR,2021-01-29 14:59:45,-28.615,-49.0256,86.68,59,100,5.5
530,Havre-Saint-Pierre,CA,2021-01-29 14:59:45,50.2334,-63.5986,8.6,66,90,8.05
531,Birjand,IR,2021-01-29 14:56:12,32.8663,59.2211,57.2,9,0,6.91
532,Beloha,MG,2021-01-29 14:59:45,-25.1667,45.05,84.61,64,100,15.68
533,Bibiani,GH,2021-01-29 14:59:45,6.4635,-2.3194,93.34,37,81,2.44
534,Taoudenni,ML,2021-01-29 14:59:46,22.6783,-3.9836,88.83,12,0,6.8
535,Ouadda,CF,2021-01-29 14:59:46,8.0777,22.4007,95.49,15,24,7.4
536,Darbhanga,IN,2021-01-29 14:59:46,26.1667,85.9,55.31,48,0,8.77
537,Waingapu,ID,2021-01-29 14:59:46,-9.6567,120.2641,78.67,83,60,10.54
538,Malchin,DE,2021-01-29 14:59:46,53.7333,12.7833,33.01,80,90,10.36
539,Urumqi,CN,2021-01-29 14:59:46,43.801,87.6005,6.8,85,20,0.67
540,Walvis Bay,NA,2021-01-29 14:59:46,-22.9575,14.5053,68.59,69,16,10.0
541,Lugovoy,KZ,2021-01-29 14:59:47,42.9472,72.7644,23.16,83,0,4.99
542,Fare,PF,2021-01-29 14:59:47,-16.7,-151.0167,80.82,66,16,8.7
543,Dunyapur,PK,2021-01-29 14:59:47,29.7995,71.7196,59.0,58,0,2.77
544,Preobrazheniye,RU,2021-01-29 14:59:47,42.9019,133.9064,-0.58,82,17,11.43
545,Vysokogornyy,RU,2021-01-29 14:59:47,50.1167,139.15,-5.51,89,100,2.51
